{
	"class_name" : "PinholeCameraParameters",
	"extrinsic" : 
	[
		-0.61826580946856458,
		-0.78447044564816093,
		-0.048512975035103732,
		0.0,
		-0.78226319926097654,
		0.6201641934137363,
		-0.058827377040557349,
		0.0,
		0.076234348716064243,
		0.0015789591717354917,
		-0.99708867758277731,
		0.0,
		1.1275587053347995,
		54.362199417979014,
		10.749518428447731,
		1.0
	],
	"intrinsic" : 
	{
		"height" : 1061,
		"intrinsic_matrix" : 
		[
			918.85295341528945,
			0.0,
			0.0,
			0.0,
			918.85295341528945,
			0.0,
			959.5,
			530.0,
			1.0
		],
		"width" : 1920
	},
	"version_major" : 1,
	"version_minor" : 0
}